<?xml version="1.0" encoding="ISO-8859-1"?>
<electricity_consumer xmlns:xsi="http://www.w3.org/2001/XMLSchema-instance"
	xsi:noNamespaceSchemaLocation="kishan.xsd">

	<consumer>
		<consumer_no>12322110</consumer_no>
		<consumer_name>Seema Joshi</consumer_name>
		<email_id>seema.joshi@gmail.com</email_id>
		<units_consumed>250</units_consumed>
	</consumer>
	<consumer>
		<consumer_no>17531111</consumer_no>
		<consumer_name>Amey Joshi</consumer_name>
		<email_id>pravin.t@gmail.com</email_id>
		<units_consumed>345</units_consumed>
	</consumer>
	<consumer>
		<consumer_no>17533411</consumer_no>
		<consumer_name>Pravin T</consumer_name>
		<email_id>pravin.t@gmail.com</email_id>
		<units_consumed>457</units_consumed>
	</consumer>
	<consumer>
		<consumer_no>12432121</consumer_no>
		<consumer_name>Manoj Kulkarni</consumer_name>
		<email_id>manoj.k@gmail.com</email_id>
		<units_consumed>780</units_consumed>
	</consumer>
	<consumer>
		<consumer_no>12342111</consumer_no>
		<consumer_name>Shrikant Shinde</consumer_name>
		<email_id>shrikant.shinde@gmail.com</email_id>
		<units_consumed>90</units_consumed>
	</consumer>
</electricity_consumer>